{
    "Logistic Regression": {
        "best_params": {
            "classifier__C": 1.0,
            "classifier__penalty": "l2"
        },
        "best_cv_f1": 0.930736211315766,
        "accuracy": 0.9553333333333334,
        "precision": 0.9218061674008811,
        "recall": 0.93,
        "f1_score": 0.9258849557522124,
        "roc_auc": 0.9899968253968254,
        "confusion_matrix": [
            [
                2029,
                71
            ],
            [
                63,
                837
            ]
        ]
    },
    "Random Forest": {
        "best_params": {
            "classifier__max_depth": 5,
            "classifier__min_samples_leaf": 5,
            "classifier__n_estimators": 50
        },
        "best_cv_f1": 0.9130615415856382,
        "accuracy": 0.951,
        "precision": 0.9858064516129033,
        "recall": 0.8488888888888889,
        "f1_score": 0.9122388059701493,
        "roc_auc": 0.9917439153439154,
        "confusion_matrix": [
            [
                2089,
                11
            ],
            [
                136,
                764
            ]
        ]
    },
    "XGBoost": {
        "best_params": {
            "classifier__learning_rate": 0.05,
            "classifier__max_depth": 3,
            "classifier__min_child_weight": 5,
            "classifier__subsample": 0.7
        },
        "best_cv_f1": 0.9415638207430866,
        "accuracy": 0.9683333333333334,
        "precision": 0.9831932773109243,
        "recall": 0.91,
        "f1_score": 0.9451817657241778,
        "roc_auc": 0.9962460317460318,
        "confusion_matrix": [
            [
                2086,
                14
            ],
            [
                81,
                819
            ]
        ]
    }
}