{
  "generated_at": "2026-06-10T08:56:53.531002",
  "results": [
    {
      "scheme": "5_core",
      "best_model": "lr",
      "best_metrics": {
        "accuracy": 0.308,
        "precision": 0.3016194331983806,
        "recall": 0.9933333333333333,
        "f1": 0.46273291925465837,
        "roc_auc": 0.5259579365079365
      },
      "all": {
        "lr": {
          "accuracy": 0.308,
          "precision": 0.3016194331983806,
          "recall": 0.9933333333333333,
          "f1": 0.46273291925465837,
          "roc_auc": 0.5259579365079365
        },
        "rf": {
          "accuracy": 0.3353333333333333,
          "precision": 0.305338078291815,
          "recall": 0.9533333333333334,
          "f1": 0.462533692722372,
          "roc_auc": 0.510391798941799
        }
      }
    },
    {
      "scheme": "core_plus_checks",
      "best_model": "lr",
      "best_metrics": {
        "accuracy": 0.32,
        "precision": 0.30344827586206896,
        "recall": 0.9777777777777777,
        "f1": 0.4631578947368421,
        "roc_auc": 0.53074708994709
      },
      "all": {
        "lr": {
          "accuracy": 0.32,
          "precision": 0.30344827586206896,
          "recall": 0.9777777777777777,
          "f1": 0.4631578947368421,
          "roc_auc": 0.53074708994709
        },
        "rf": {
          "accuracy": 0.33,
          "precision": 0.3036093418259023,
          "recall": 0.9533333333333334,
          "f1": 0.4605475040257649,
          "roc_auc": 0.5298015873015873
        }
      }
    },
    {
      "scheme": "core_plus_checks_cat",
      "best_model": "lr",
      "best_metrics": {
        "accuracy": 0.32766666666666666,
        "precision": 0.3043782837127846,
        "recall": 0.9655555555555555,
        "f1": 0.46284953395472705,
        "roc_auc": 0.5188428571428572
      },
      "all": {
        "lr": {
          "accuracy": 0.32766666666666666,
          "precision": 0.3043782837127846,
          "recall": 0.9655555555555555,
          "f1": 0.46284953395472705,
          "roc_auc": 0.5188428571428572
        },
        "rf": {
          "accuracy": 0.316,
          "precision": 0.30165289256198347,
          "recall": 0.9733333333333334,
          "f1": 0.4605678233438486,
          "roc_auc": 0.523878835978836
        }
      }
    }
  ]
}