{
    "Logistic Regression": {
        "best_params": {
            "classifier__C": 1.0,
            "classifier__penalty": "l2"
        },
        "best_cv_f1": 0.8672210141345424,
        "accuracy": 0.9133333333333333,
        "precision": 0.8258655804480651,
        "recall": 0.9011111111111111,
        "f1_score": 0.8618490967056323,
        "roc_auc": 0.9725042328042328,
        "confusion_matrix": [
            [
                1929,
                171
            ],
            [
                89,
                811
            ]
        ]
    },
    "Random Forest": {
        "best_params": {
            "classifier__max_depth": 5,
            "classifier__min_samples_leaf": 5,
            "classifier__n_estimators": 100
        },
        "best_cv_f1": 0.8547420148498561,
        "accuracy": 0.929,
        "precision": 0.9724896836313618,
        "recall": 0.7855555555555556,
        "f1_score": 0.8690842040565457,
        "roc_auc": 0.9823571428571429,
        "confusion_matrix": [
            [
                2080,
                20
            ],
            [
                193,
                707
            ]
        ]
    },
    "XGBoost": {
        "best_params": {
            "classifier__learning_rate": 0.05,
            "classifier__max_depth": 3,
            "classifier__min_samples_leaf": 10,
            "classifier__subsample": 0.8
        },
        "best_cv_f1": 0.9044183357293522,
        "accuracy": 0.955,
        "precision": 0.967032967032967,
        "recall": 0.88,
        "f1_score": 0.9214659685863874,
        "roc_auc": 0.9900806878306878,
        "confusion_matrix": [
            [
                2073,
                27
            ],
            [
                108,
                792
            ]
        ]
    }
}