{
    "Logistic Regression": {
        "best_params": {
            "classifier__C": 1.0,
            "classifier__penalty": "l2"
        },
        "best_cv_f1": 0.930736211315766,
        "accuracy": 0.9553333333333334,
        "precision": 0.9218061674008811,
        "recall": 0.93,
        "f1_score": 0.9258849557522124,
        "roc_auc": 0.9899968253968254,
        "confusion_matrix": [
            [
                2029,
                71
            ],
            [
                63,
                837
            ]
        ]
    },
    "Random Forest": {
        "best_params": {
            "classifier__max_depth": 5,
            "classifier__min_samples_leaf": 5,
            "classifier__n_estimators": 50
        },
        "best_cv_f1": 0.9130615415856382,
        "accuracy": 0.951,
        "precision": 0.9858064516129033,
        "recall": 0.8488888888888889,
        "f1_score": 0.9122388059701493,
        "roc_auc": 0.9917439153439154,
        "confusion_matrix": [
            [
                2089,
                11
            ],
            [
                136,
                764
            ]
        ]
    },
    "XGBoost": {
        "best_params": {
            "classifier__learning_rate": 0.05,
            "classifier__max_depth": 3,
            "classifier__min_samples_leaf": 5,
            "classifier__subsample": 0.8
        },
        "best_cv_f1": 0.9460557024017208,
        "accuracy": 0.9673333333333334,
        "precision": 0.9785202863961814,
        "recall": 0.9111111111111111,
        "f1_score": 0.9436133486766398,
        "roc_auc": 0.9956523809523811,
        "confusion_matrix": [
            [
                2082,
                18
            ],
            [
                80,
                820
            ]
        ]
    }
}