{
    "Logistic Regression": {
        "best_params": {
            "classifier__C": 1.0,
            "classifier__penalty": "l2"
        },
        "best_cv_f1": 0.874084303483382,
        "accuracy": 0.9103333333333333,
        "precision": 0.822267620020429,
        "recall": 0.8944444444444445,
        "f1_score": 0.8568387440127727,
        "roc_auc": 0.969915873015873,
        "confusion_matrix": [
            [
                1926,
                174
            ],
            [
                95,
                805
            ]
        ]
    },
    "Random Forest": {
        "best_params": {
            "classifier__max_depth": 5,
            "classifier__min_samples_leaf": 5,
            "classifier__n_estimators": 100
        },
        "best_cv_f1": 0.8616961747405337,
        "accuracy": 0.914,
        "precision": 0.9572649572649573,
        "recall": 0.7466666666666667,
        "f1_score": 0.8389513108614233,
        "roc_auc": 0.9787920634920635,
        "confusion_matrix": [
            [
                2070,
                30
            ],
            [
                228,
                672
            ]
        ]
    },
    "XGBoost": {
        "best_params": {
            "classifier__learning_rate": 0.05,
            "classifier__max_depth": 3,
            "classifier__min_samples_leaf": 10,
            "classifier__subsample": 0.7
        },
        "best_cv_f1": 0.9083312100357223,
        "accuracy": 0.9463333333333334,
        "precision": 0.9601494396014943,
        "recall": 0.8566666666666667,
        "f1_score": 0.9054609512624779,
        "roc_auc": 0.9898960317460318,
        "confusion_matrix": [
            [
                2068,
                32
            ],
            [
                129,
                771
            ]
        ]
    }
}